url,username,password
http://localhost/login.php,25000001,Pass@1
http://localhost/login.php,25000002,Pass@2
http://localhost/login.php,25000003,Pass@3
http://localhost/login.php,25000004,Pass@4
http://localhost/login.php,25000005,Pass@5
http://localhost/login.php,25000006,Pass@6
http://localhost/login.php,25000007,Pass@7
http://localhost/login.php,25000008,Pass@8
http://localhost/login.php,25000009,Pass@9
http://localhost/login.php,25000010,Pass@10
http://localhost/login.php,25000011,Pass@11
http://localhost/login.php,25000012,Pass@12
http://localhost/login.php,25000013,Pass@13
http://localhost/login.php,25000014,Pass@14
http://localhost/login.php,25000015,Pass@15
http://localhost/login.php,25000016,Pass@16
http://localhost/login.php,25000017,Pass@17
http://localhost/login.php,25000018,Pass@18
http://localhost/login.php,25000019,Pass@19
http://localhost/login.php,25000020,Pass@20
http://localhost/login.php,25000021,Pass@21
http://localhost/login.php,25000022,Pass@22
http://localhost/login.php,25000023,Pass@23
http://localhost/login.php,25000024,Pass@24
http://localhost/login.php,25000025,Pass@25
http://localhost/login.php,25000026,Pass@26
http://localhost/login.php,25000027,Pass@27
http://localhost/login.php,25000028,Pass@28
http://localhost/login.php,25000029,Pass@29
http://localhost/login.php,25000030,Pass@30
